mae,rmse,bias,r2,n,target,split,lead,model,stratum
0.04560086131095886,0.07940355688333511,4.129493026994169e-05,0.9949077367782593,38718789,swh,val,1,persistence,all
0.7343268990516663,1.0114191770553589,0.008592135272920132,0.1737910509109497,38718997,swh,val,1,climatology,all
0.02243824303150177,0.03511232137680054,0.001211953698657453,0.989028811454773,19359868,swh,val,1,persistence,P0-50
0.6640576720237732,0.7572330832481384,0.6351879835128784,-4.102382183074951,19360071,swh,val,1,climatology,P0-50
0.05465596169233322,0.0797266736626625,0.0003316834045108408,0.9701113104820251,15487430,swh,val,1,persistence,P50-90
0.4493499994277954,0.5730276703834534,-0.21615509688854218,-0.5440131425857544,15487435,swh,val,1,climatology,P50-90
0.11653178185224533,0.15992464125156403,-0.005200612358748913,0.935894250869751,3484367,swh,val,1,persistence,P90-99
1.9657992124557495,2.072723627090454,-1.9657992124557495,-9.768349647521973,3484367,swh,val,1,climatology,P90-99
0.20326544344425201,0.2905980050563812,-0.022939570248126984,0.914711594581604,387124,swh,val,1,persistence,P99+
4.565335750579834,4.672634124755859,-4.565335750579834,-21.050996780395508,387124,swh,val,1,climatology,P99+
0.12541069090366364,0.2137153595685959,0.00014068001473788172,0.9631040692329407,38709531,swh,val,3,persistence,all
0.7342952489852905,1.011337399482727,0.008702664636075497,0.17378324270248413,38710155,swh,val,3,climatology,all
0.0602237693965435,0.08850578963756561,0.008073416538536549,0.9302877187728882,19356203,swh,val,3,persistence,P0-50
0.6640890836715698,0.75726318359375,0.6352248191833496,-4.102749347686768,19356801,swh,val,3,climatology,P0-50
0.14961527287960052,0.2087099254131317,0.003273489186540246,0.7951691150665283,15483606,swh,val,3,persistence,P50-90
0.44933927059173584,0.5730111002922058,-0.21612507104873657,-0.5439586639404297,15483632,swh,val,3,climatology,P50-90
0.32826587557792664,0.4403832256793976,-0.03831503167748451,0.513861358165741,3482919,swh,val,3,persistence,P90-99
1.9657988548278809,2.0727107524871826,-1.9657988548278809,-9.769014358520508,3482919,swh,val,3,climatology,P90-99
0.59197598695755,0.8300102353096008,-0.17596116662025452,0.30457526445388794,386803,swh,val,3,persistence,P99+
4.565423488616943,4.672774314880371,-4.565423488616943,-21.041080474853516,386803,swh,val,3,climatology,P99+
0.22870108485221863,0.38316211104393005,0.00032205466413870454,0.881355345249176,38695644,swh,val,6,persistence,all
0.7342179417610168,1.0111325979232788,0.008905627764761448,0.17379134893417358,38696892,swh,val,6,climatology,all
0.10827209800481796,0.15625108778476715,0.025322234258055687,0.7827012538909912,19351050,swh,val,6,persistence,P0-50
0.6641290187835693,0.7573031783103943,0.6352794170379639,-4.103271007537842,19352238,swh,val,6,climatology,P0-50
0.2716943621635437,0.3693608343601227,0.011956064961850643,0.3584650158882141,15477686,swh,val,6,persistence,P50-90
0.4493273198604584,0.572989821434021,-0.21608205139636993,-0.5438786745071411,15477746,swh,val,6,climatology,P50-90
0.6077419519424438,0.7986537218093872,-0.12676195800304413,-0.5991233587265015,3480833,swh,val,6,persistence,P90-99
1.9657498598098755,2.072641372680664,-1.9657498598098755,-9.769940376281738,3480833,swh,val,6,climatology,P90-99
1.1238982677459717,1.5069736242294312,-0.5733723044395447,-1.2895574569702148,386075,swh,val,6,persistence,P99+
4.5652995109558105,4.672778129577637,-4.5652995109558105,-21.013572692871094,386075,swh,val,6,climatology,P99+
0.39289382100105286,0.6385551691055298,0.0008052009507082403,0.6700292229652405,38667872,swh,val,12,persistence,all
0.7339392304420471,1.0104097127914429,0.009447810240089893,0.17385423183441162,38670368,swh,val,12,climatology,all
0.1893935203552246,0.27650800347328186,0.07192488759756088,0.3193563222885132,19341462,swh,val,12,persistence,P0-50
0.6641969084739685,0.7573758363723755,0.6353746652603149,-4.104323863983154,19343787,swh,val,12,climatology,P0-50
0.4632638096809387,0.62128746509552,0.03488568216562271,-0.8153179883956909,15465865,swh,val,12,persistence,P50-90
0.4492650330066681,0.5729003548622131,-0.21595264971256256,-0.5435725450515747,15466035,swh,val,12,climatology,P50-90
1.0347331762313843,1.308956265449524,-0.37658315896987915,-3.2966713905334473,3476902,swh,val,12,persistence,P90-99
1.9656203985214233,2.0724575519561768,-1.9656203985214233,-9.770929336547852,3476903,swh,val,12,climatology,P90-99
1.9986788034439087,2.4808335304260254,-1.5383877754211426,-5.184046745300293,383643,swh,val,12,persistence,P99+
4.564133644104004,4.671985626220703,-4.564133644104004,-20.93211555480957,383643,swh,val,12,climatology,P99+
0.6059167981147766,0.9451402425765991,0.0017911674221977592,0.27426040172576904,38612732,swh,val,24,persistence,all
0.7331691980361938,1.0084270238876343,0.010776557959616184,0.1738678216934204,38617318,swh,val,24,climatology,all
0.32103675603866577,0.488386332988739,0.17512646317481995,-1.124528169631958,19323226,swh,val,24,persistence,P0-50
0.6643380522727966,0.7575231194496155,0.6355381011962891,-4.107448577880859,19327398,swh,val,24,climatology,P0-50
0.7017163634300232,0.9514279961585999,0.05932055413722992,-3.2582168579101562,15445529,swh,val,24,persistence,P50-90
0.44920507073402405,0.5728076100349426,-0.21574774384498596,-0.5434671640396118,15445932,swh,val,24,climatology,P50-90
1.4878790378570557,1.7767112255096436,-0.896548330783844,-6.919052600860596,3465888,swh,val,24,persistence,P90-99
1.9653077125549316,2.0720629692077637,-1.9653077125549316,-9.770753860473633,3465899,swh,val,24,climatology,P90-99
3.167079448699951,3.6223483085632324,-2.972177505493164,-12.162450790405273,378089,swh,val,24,persistence,P99+
4.557533264160156,4.66596794128418,-4.557533264160156,-20.83935546875,378089,swh,val,24,climatology,P99+
0.7881052494049072,1.1759079694747925,0.0016291951760649681,-0.12716472148895264,38503426,swh,val,48,persistence,all
0.7326557636260986,1.0069764852523804,0.011967874132096767,0.17353010177612305,38511116,swh,val,48,climatology,all
0.4922727942466736,0.7755831480026245,0.3269319534301758,-4.3638105392456055,19279091,swh,val,48,persistence,P0-50
0.6645318865776062,0.7577521204948425,0.635739266872406,-4.113381862640381,19286343,swh,val,48,climatology,P0-50
0.8577934503555298,1.1473861932754517,0.0051109218038618565,-5.193190097808838,15401652,swh,val,48,persistence,P50-90
0.44935843348503113,0.5729390978813171,-0.21570052206516266,-0.5442365407943726,15402047,swh,val,48,climatology,P50-90
1.7775254249572754,2.0372822284698486,-1.3991862535476685,-9.413228988647461,3449500,swh,val,48,persistence,P90-99
1.965013027191162,2.0717058181762695,-1.965013027191162,-9.76821231842041,3449543,swh,val,48,climatology,P90-99
4.049405574798584,4.3466339111328125,-3.9992289543151855,-17.917612075805664,373183,swh,val,48,persistence,P99+
4.554236888885498,4.6632399559021,-4.554236888885498,-20.773876190185547,373183,swh,val,48,climatology,P99+
0.043166663497686386,0.07612338662147522,-5.8134631331085984e-08,0.9951500296592712,48584860,swh,test,1,persistence,all
0.7289754748344421,0.9939960837364197,0.04671112447977066,0.17306369543075562,48585043,swh,test,1,climatology,all
0.020434213802218437,0.03209354728460312,0.0010569284204393625,0.9902195334434509,24292725,swh,test,1,persistence,P0-50
0.6781952381134033,0.7713150978088379,0.6509671211242676,-4.649097919464111,24292895,swh,test,1,climatology,P0-50
0.051960453391075134,0.07570745050907135,0.00033604289637878537,0.9726996421813965,19433677,swh,test,1,persistence,P50-90
0.4370112121105194,0.5526487827301025,-0.15926851332187653,-0.454754114151001,19433687,swh,test,1,climatology,P50-90
0.11226359754800797,0.15450802445411682,-0.004820139613002539,0.9379416704177856,4372596,swh,test,1,persistence,P90-99
1.9008677005767822,2.0102357864379883,-1.9008677005767822,-9.50490951538086,4372599,swh,test,1,climatology,P90-99
0.2061852216720581,0.28958645462989807,-0.02291293442249298,0.920219361782074,485862,swh,test,1,persistence,P99+
4.399411678314209,4.524371147155762,-4.399411678314209,-18.47410011291504,485862,swh,test,1,climatology,P99+
0.12173668295145035,0.21024808287620544,-2.6111672468687175e-06,0.9630032777786255,48582276,swh,test,3,persistence,all
0.7289838790893555,0.9940076470375061,0.04672834649682045,0.1730549931526184,48582825,swh,test,3,climatology,all
0.05628158897161484,0.0839836373925209,0.007664061617106199,0.9330209493637085,24292034,swh,test,3,persistence,P0-50
0.6782001256942749,0.7713192701339722,0.6509734988212585,-4.649250030517578,24292526,swh,test,3,climatology,P0-50
0.14599592983722687,0.20425492525100708,0.003195554716512561,0.8012840747833252,19432087,swh,test,3,persistence,P50-90
0.43701204657554626,0.5526521801948547,-0.15926037728786469,-0.45476019382476807,19432130,swh,test,3,climatology,P50-90
0.3232622444629669,0.4340786635875702,-0.03660513460636139,0.510198175907135,4372293,swh,test,3,persistence,P90-99
1.9009003639221191,2.010268211364746,-1.9009003639221191,-9.504898071289062,4372307,swh,test,3,climatology,P90-99
0.6105605959892273,0.8385615944862366,-0.1818426549434662,0.3310234546661377,485862,swh,test,3,persistence,P99+
4.399411678314209,4.524371147155762,-4.399411678314209,-18.47410011291504,485862,swh,test,3,climatology,P99+
0.22399656474590302,0.37920138239860535,-1.3639939425047487e-05,0.8796541094779968,48578400,swh,test,6,persistence,all
0.728999137878418,0.9940272569656372,0.04675175994634628,0.17304062843322754,48579498,swh,test,6,climatology,all
0.10239933431148529,0.14965581893920898,0.024502331390976906,0.7872987985610962,24290979,swh,test,6,persistence,P0-50
0.6782079339027405,0.7713260650634766,0.6509836316108704,-4.649499416351318,24291938,swh,test,6,climatology,P0-50
0.26751065254211426,0.3638111352920532,0.011587241664528847,0.3695729970932007,19429672,swh,test,6,persistence,P50-90
0.43701595067977905,0.5526599884033203,-0.15924903750419617,-0.45478641986846924,19429781,swh,test,6,climatology,P50-90
0.6009737849235535,0.7866907715797424,-0.1211756244301796,-0.6086956262588501,4371887,swh,test,6,persistence,P90-99
1.9009500741958618,2.0103156566619873,-1.9009500741958618,-9.504975318908691,4371917,swh,test,6,climatology,P90-99
1.1710758209228516,1.5477246046066284,-0.5993849635124207,-1.2789158821105957,485862,swh,test,6,persistence,P99+
4.399411678314209,4.524371147155762,-4.399411678314209,-18.47410011291504,485862,swh,test,6,climatology,P99+
0.38517501950263977,0.6324821710586548,-6.976182339712977e-05,0.6652156710624695,48570648,swh,test,12,persistence,all
0.7290399670600891,0.9940742254257202,0.046784572303295135,0.17301034927368164,48572844,swh,test,12,climatology,all
0.18029314279556274,0.26602810621261597,0.06985288113355637,0.3277987241744995,24288589,swh,test,12,persistence,P0-50
0.6782259941101074,0.7713423371315002,0.6510061621665955,-4.650028705596924,24290467,swh,test,12,climatology,P0-50
0.45601606369018555,0.6094840168952942,0.03276585787534714,-0.7693020105361938,19424991,swh,test,12,persistence,P50-90
0.43703898787498474,0.5526864528656006,-0.1592390090227127,-0.45490777492523193,19425255,swh,test,12,climatology,P50-90
1.0193027257919312,1.2886995077133179,-0.3532298505306244,-3.316617965698242,4371206,swh,test,12,persistence,P90-99
1.9010580778121948,2.0104119777679443,-1.9010580778121948,-9.505385398864746,4371260,swh,test,12,climatology,P90-99
2.0899853706359863,2.580636501312256,-1.6310234069824219,-5.335700035095215,485862,swh,test,12,persistence,P99+
4.399411678314209,4.524371147155762,-4.399411678314209,-18.47410011291504,485862,swh,test,12,climatology,P99+
0.589029848575592,0.9275228977203369,-0.00037499485188163817,0.2801471948623657,48555828,swh,test,24,persistence,all
0.7291407585144043,0.9941839575767517,0.046766262501478195,0.17297297716140747,48559536,swh,test,24,climatology,all
0.3054560720920563,0.4681571424007416,0.16746686398983002,-1.082015037536621,24282031,swh,test,24,persistence,P0-50
0.6782752275466919,0.7713888883590698,0.6510626673698425,-4.65085506439209,24285189,swh,test,24,climatology,P0-50
0.6825934648513794,0.9202957153320312,0.05609629675745964,-3.033903121948242,19417106,swh,test,24,persistence,P50-90
0.4371039867401123,0.552756130695343,-0.1592906266450882,-0.45524871349334717,19417583,swh,test,24,climatology,P50-90
1.4576001167297363,1.7587499618530273,-0.8412569165229797,-7.039791107177734,4370829,swh,test,24,persistence,P90-99
1.9011374711990356,2.0104761123657227,-1.9011374711990356,-9.505965232849121,4370902,swh,test,24,climatology,P90-99
3.2083749771118164,3.6535613536834717,-3.080878496170044,-11.699124336242676,485862,swh,test,24,persistence,P99+
4.399411678314209,4.524371147155762,-4.399411678314209,-18.47410011291504,485862,swh,test,24,climatology,P99+
0.7424017786979675,1.1247334480285645,-0.0011289725080132484,-0.05823361873626709,48528234,swh,test,48,persistence,all
0.72927325963974,0.9943432211875916,0.0468192920088768,0.17292916774749756,48532962,swh,test,48,climatology,all
0.46079424023628235,0.7340458631515503,0.3009026050567627,-4.1196393966674805,24272202,swh,test,48,persistence,P0-50
0.6783717274665833,0.7714775800704956,0.6511787176132202,-4.652649879455566,24276421,swh,test,48,climatology,P0-50
0.814981997013092,1.1084649562835693,0.004136203788220882,-4.851573944091797,19401334,swh,test,48,persistence,P50-90
0.43714067339897156,0.5528055429458618,-0.15936534106731415,-0.45537567138671875,19401807,swh,test,48,climatology,P50-90
1.6538569927215576,1.928328275680542,-1.2945771217346191,-8.663118362426758,4368836,swh,test,48,persistence,P90-99
1.901297926902771,2.0106451511383057,-1.901297926902771,-9.505772590637207,4368872,swh,test,48,climatology,P90-99
3.716676712036133,4.115048408508301,-3.6693713665008545,-15.10982894897461,485862,swh,test,48,persistence,P99+
4.399411678314209,4.524371147155762,-4.399411678314209,-18.47410011291504,485862,swh,test,48,climatology,P99+
